[
  {
    "name": "嘉禾一品(旺角店)",
    "address": "北京市朝阳区湖光北街9号旺角购物广场F1",
    "id": 1,
    "latitude": 40.10039,
    "longitude": 116.36868,
    "location": [
      116.36868,
      40.10039
    ],
    "phone": "13437850035",
    "category": "快餐便当/简餐",
    "supports": [
      {
        "description": "已加入“外卖保”计划，食品安全有保障",
        "icon_color": "999999",
        "icon_name": "保",
        "id": 7,
        "name": "外卖保",
        "_id": "5a5859a19c2bc57d52df30b3"
      },
      {
        "description": "准时必达，超时秒赔",
        "icon_color": "57A9FF",
        "icon_name": "准",
        "id": 9,
        "name": "准时达",
        "_id": "5a5859a19c2bc57d52df30b2"
      },
      {
        "description": "该商家支持开发票，请在下单时填写好发票抬头",
        "icon_color": "999999",
        "icon_name": "票",
        "id": 4,
        "name": "开发票",
        "_id": "5a5859a19c2bc57d52df30b1"
      }
    ],
    "status": 1,
    "recent_order_num": 1108,
    "rating_count": 961,
    "rating": 4.7,
    "promotion_info": "欢迎光临，用餐高峰请提前下单，谢谢",
    "piecewise_agent_fee": {
      "tips": "配送费约¥5"
    },
    "opening_hours": [
      "8:30/20:30"
    ],
    "license": {
      "catering_service_license_image": "160e91e17fa2164.png",
      "business_license_image": "160e91e0a9f2163.png"
    },
    "is_new": true,
    "is_premium": true,
    "image_path": "Pf8hDtrS/1.webp",
    "identification": {
      "registered_number": "",
      "registered_address": "",
      "operation_period": "",
      "licenses_scope": "",
      "licenses_number": "",
      "licenses_date": "",
      "legal_person": "",
      "identificate_date": null,
      "identificate_agency": "",
      "company_name": ""
    },
    "float_minimum_order_amount": 20,
    "float_delivery_fee": 0,
    "distance": "2120.1公里",
    "order_lead_time": "31小时24分钟",
    "description": "sad",
    "delivery_mode": {
      "color": "57A9FF",
      "id": 1,
      "is_solid": true,
      "text": "蜂鸟专送"
    },
    "activities": [],
    "__v": 0
  },
  {
    "name": "盒马鲜生(四海城店)",
    "address": "广东省广州市番禺区汉溪大道东390号四海城商业广场LG1层",
    "id": 488,
    "latitude": 23.12092,
    "longitude": 113.27521,
    "location": [
      113.27521,
      23.12092
    ],
    "phone": "2",
    "category": "果蔬生鲜",
    "supports": [
      {
        "description": "已加入“外卖保”计划，食品安全有保障",
        "icon_color": "999999",
        "icon_name": "保",
        "id": 7,
        "name": "外卖保",
        "_id": "5a687c8d1d632b05464dbb60"
      },
      {
        "description": "准时必达，超时秒赔",
        "icon_color": "57A9FF",
        "icon_name": "准",
        "id": 9,
        "name": "准时达",
        "_id": "5a687c8d1d632b05464dbb5f"
      },
      {
        "description": "该商家支持开发票，请在下单时填写好发票抬头",
        "icon_color": "999999",
        "icon_name": "票",
        "id": 4,
        "name": "开发票",
        "_id": "5a687c8d1d632b05464dbb5e"
      }
    ],
    "status": 1,
    "recent_order_num": 483,
    "rating_count": 273,
    "rating": 4.5,
    "promotion_info": "4",
    "piecewise_agent_fee": {
      "tips": "配送费约¥5"
    },
    "opening_hours": [
      "8:30/20:30"
    ],
    "license": {
      "catering_service_license_image": "",
      "business_license_image": ""
    },
    "is_new": true,
    "is_premium": true,
    "image_path": "pXbvYgmR/3.webp",
    "identification": {
      "registered_number": "",
      "registered_address": "",
      "operation_period": "",
      "licenses_scope": "",
      "licenses_number": "",
      "licenses_date": "",
      "legal_person": "",
      "identificate_date": null,
      "identificate_agency": "",
      "company_name": ""
    },
    "float_minimum_order_amount": 20,
    "float_delivery_fee": 5,
    "distance": "2121.6公里",
    "order_lead_time": "31小时26分钟",
    "description": "3",
    "delivery_mode": {
      "color": "57A9FF",
      "id": 1,
      "is_solid": true,
      "text": "蜂鸟专送"
    },
    "activities": [
      {
        "icon_name": "减",
        "name": "满减优惠",
        "description": "满30减5，满60减8",
        "icon_color": "f07373",
        "id": 1,
        "_id": "5a687c8d1d632b05464dbb61"
      }
    ],
    "__v": 0
  },
  {
    "name": "肯德基(丰台餐厅)",
    "address": "北京市丰台区西四环南路88号",
    "id": 503,
    "latitude": 39.99287,
    "longitude": 116.31025,
    "location": [
      116.31025,
      39.99287
    ],
    "phone": "11111444",
    "category": "快餐便当/简餐",
    "supports": [
      {
        "description": "已加入“外卖保”计划，食品安全有保障",
        "icon_color": "999999",
        "icon_name": "保",
        "id": 7,
        "name": "外卖保",
        "_id": "5a6ae5d41d632b05464dc6a1"
      },
      {
        "description": "准时必达，超时秒赔",
        "icon_color": "57A9FF",
        "icon_name": "准",
        "id": 9,
        "name": "准时达",
        "_id": "5a6ae5d41d632b05464dc6a0"
      },
      {
        "description": "该商家支持开发票，请在下单时填写好发票抬头",
        "icon_color": "999999",
        "icon_name": "票",
        "id": 4,
        "name": "开发票",
        "_id": "5a6ae5d41d632b05464dc69f"
      }
    ],
    "status": 1,
    "recent_order_num": 626,
    "rating_count": 707,
    "rating": 4.4,
    "promotion_info": "111",
    "piecewise_agent_fee": {
      "tips": "配送费约¥9"
    },
    "opening_hours": [
      "05:30/05:45"
    ],
    "license": {
      "catering_service_license_image": "",
      "business_license_image": ""
    },
    "is_new": true,
    "is_premium": true,
    "image_path": "tTKKkxC2/9.webp",
    "identification": {
      "registered_number": "",
      "registered_address": "",
      "operation_period": "",
      "licenses_scope": "",
      "licenses_number": "",
      "licenses_date": "",
      "legal_person": "",
      "identificate_date": null,
      "identificate_agency": "",
      "company_name": ""
    },
    "float_minimum_order_amount": 20,
    "float_delivery_fee": 9,
    "distance": "16.7公里",
    "order_lead_time": "55分钟",
    "description": "1231",
    "delivery_mode": {
      "color": "57A9FF",
      "id": 1,
      "is_solid": true,
      "text": "蜂鸟专送"
    },
    "activities": [
      {
        "icon_name": "减",
        "name": "满减优惠",
        "description": "满30减5，满60减8",
        "icon_color": "f07373",
        "id": 1,
        "_id": "5a6ae5d41d632b05464dc6a2"
      }
    ],
    "__v": 0
  },
  {
    "name": "塔斯汀(万达广场店)",
    "address": "石家庄市裕华区槐中路万达广场B2-北区",
    "id": 479,
    "latitude": 31.81948,
    "longitude": 117.22124,
    "location": [
      93.50611,
      42.84974
    ],
    "phone": "122343adsa",
    "category": "异国料理",
    "supports": [
      {
        "description": "已加入“外卖保”计划，食品安全有保障",
        "icon_color": "999999",
        "icon_name": "保",
        "id": 7,
        "name": "外卖保",
        "_id": "5a66f45c76d92175ac4464dd"
      },
      {
        "description": "准时必达，超时秒赔",
        "icon_color": "57A9FF",
        "icon_name": "准",
        "id": 9,
        "name": "准时达",
        "_id": "5a66f45c76d92175ac4464dc"
      },
      {
        "description": "该商家支持开发票，请在下单时填写好发票抬头",
        "icon_color": "999999",
        "icon_name": "票",
        "id": 4,
        "name": "开发票",
        "_id": "5a66f45c76d92175ac4464db"
      }
    ],
    "status": 1,
    "recent_order_num": 755,
    "rating_count": 167,
    "rating": 3.9,
    "promotion_info": "欢迎光临，用餐高峰请提前下单，谢谢",
    "piecewise_agent_fee": {
      "tips": "配送费约¥5"
    },
    "opening_hours": [
      "8:30/20:30"
    ],
    "license": {
      "catering_service_license_image": "",
      "business_license_image": ""
    },
    "is_new": true,
    "is_premium": true,
    "image_path": "ZqMt9gkk/2.webp",
    "identification": {
      "registered_number": "",
      "registered_address": "",
      "operation_period": "",
      "licenses_scope": "",
      "licenses_number": "",
      "licenses_date": "",
      "legal_person": "",
      "identificate_date": null,
      "identificate_agency": "",
      "company_name": ""
    },
    "float_minimum_order_amount": 20,
    "float_delivery_fee": 5,
    "distance": "1010.3公里",
    "order_lead_time": "21小时7分钟",
    "description": "描述性内容1",
    "delivery_mode": {
      "color": "57A9FF",
      "id": 1,
      "is_solid": true,
      "text": "蜂鸟专送"
    },
    "activities": [
      {
        "icon_name": "减",
        "name": "满减优惠",
        "description": "满30减5，满60减8",
        "icon_color": "f07373",
        "id": 1,
        "_id": "5a66f45c76d92175ac4464de"
      }
    ],
    "__v": 0
  },
  {
    "name": "重庆老陈川菜馆",
    "address": "广东省深圳市龙岗区横岗镇简龙村上下围",
    "id": 74960,
    "latitude": 22.58295,
    "longitude": 113.91455,
    "location": [
      113.91455,
      22.58295
    ],
    "phone": "133333",
    "category": "私房菜",
    "supports": [
      {
        "description": "已加入“外卖保”计划，食品安全有保障",
        "icon_color": "999999",
        "icon_name": "保",
        "id": 7,
        "name": "外卖保",
        "_id": "5a69880a1d632b05464dbe66"
      },
      {
        "description": "准时必达，超时秒赔",
        "icon_color": "57A9FF",
        "icon_name": "准",
        "id": 9,
        "name": "准时达",
        "_id": "5a69880a1d632b05464dbe65"
      }
    ],
    "status": 0,
    "recent_order_num": 749,
    "rating_count": 919,
    "rating": 5.0,
    "promotion_info": "情侣吃饭，免茶位费",
    "piecewise_agent_fee": {
      "tips": "配送费约¥0"
    },
    "opening_hours": [
      "10:00/23:00"
    ],
    "license": {
      "catering_service_license_image": "",
      "business_license_image": ""
    },
    "is_new": true,
    "is_premium": true,
    "image_path": "XqFb6gDR/5.webp",
    "identification": {
      "registered_number": "",
      "registered_address": "",
      "operation_period": "",
      "licenses_scope": "",
      "licenses_number": "",
      "licenses_date": "",
      "legal_person": "",
      "identificate_date": null,
      "identificate_agency": "",
      "company_name": ""
    },
    "float_minimum_order_amount": 60,
    "float_delivery_fee": 0,
    "distance": "2167.4公里",
    "order_lead_time": "35小时3分钟",
    "description": "正宗川菜",
    "delivery_mode": {
      "color": "57A9FF",
      "id": 1,
      "is_solid": true,
      "text": "蜂鸟专送"
    },
    "activities": [
      {
        "icon_name": "减",
        "name": "满减优惠",
        "description": "满30减5，满60减8",
        "icon_color": "f07373",
        "id": 1,
        "_id": "5a69880a1d632b05464dbe68"
      },
      {
        "icon_name": "特",
        "name": "优惠大酬宾",
        "description": "情侣吃饭，免茶位费",
        "icon_color": "EDC123",
        "id": 2,
        "_id": "5a69880a1d632b05464dbe67"
      }
    ],
    "__v": 0
  },
  {
    "name": "麦当劳(奉贤店)",
    "address": "上海市奉贤区人民中路196号",
    "id": 501,
    "latitude": 40.08277,
    "longitude": 116.36739,
    "location": [
      116.36739,
      40.08277
    ],
    "phone": "18232060789",
    "category": "快餐便当/简餐",
    "supports": [
      {
        "description": "已加入“外卖保”计划，食品安全有保障",
        "icon_color": "999999",
        "icon_name": "保",
        "id": 7,
        "name": "外卖保",
        "_id": "5a6acd3f1d632b05464dc541"
      },
      {
        "description": "准时必达，超时秒赔",
        "icon_color": "57A9FF",
        "icon_name": "准",
        "id": 9,
        "name": "准时达",
        "_id": "5a6acd3f1d632b05464dc540"
      },
      {
        "description": "该商家支持开发票，请在下单时填写好发票抬头",
        "icon_color": "999999",
        "icon_name": "票",
        "id": 4,
        "name": "开发票",
        "_id": "5a6acd3f1d632b05464dc53f"
      }
    ],
    "status": 1,
    "recent_order_num": 414,
    "rating_count": 96,
    "rating": 4.1,
    "promotion_info": "618插件网",
    "piecewise_agent_fee": {
      "tips": "配送费约¥9"
    },
    "opening_hours": [
      "06:00/11:30"
    ],
    "license": {
      "catering_service_license_image": "161313145043561.jpg",
      "business_license_image": "16131312b733560.jpg"
    },
    "is_new": true,
    "is_premium": true,
    "image_path": "nc4Jd0m7/7.webp",
    "identification": {
      "registered_number": "",
      "registered_address": "",
      "operation_period": "",
      "licenses_scope": "",
      "licenses_number": "",
      "licenses_date": "",
      "legal_person": "",
      "identificate_date": null,
      "identificate_agency": "",
      "company_name": ""
    },
    "float_minimum_order_amount": 20,
    "float_delivery_fee": 9,
    "distance": "2.6公里",
    "order_lead_time": "26分钟",
    "description": "618",
    "delivery_mode": {
      "color": "57A9FF",
      "id": 1,
      "is_solid": true,
      "text": "蜂鸟专送"
    },
    "activities": [
      {
        "icon_name": "减",
        "name": "满减优惠",
        "description": "满30减5，满60减8",
        "icon_color": "f07373",
        "id": 1,
        "_id": "5a6acd3f1d632b05464dc543"
      },
      {
        "icon_name": "减",
        "name": "满减优惠",
        "description": "1236655",
        "icon_color": "f07373",
        "id": 2,
        "_id": "5a6acd3f1d632b05464dc542"
      }
    ],
    "__v": 0
  },
  {
    "name": "德克士(金山店)",
    "address": "上海市金山区卫清西路465号乐购1层",
    "id": 499,
    "latitude": 39.9256,
    "longitude": 116.6773,
    "location": [
      116.6773,
      39.9256
    ],
    "phone": "13641266693",
    "category": "快餐便当/简餐",
    "supports": [
      {
        "description": "已加入“外卖保”计划，食品安全有保障",
        "icon_color": "999999",
        "icon_name": "保",
        "id": 7,
        "name": "外卖保",
        "_id": "5a6acb3e1d632b05464dc4a0"
      },
      {
        "description": "准时必达，超时秒赔",
        "icon_color": "57A9FF",
        "icon_name": "准",
        "id": 9,
        "name": "准时达",
        "_id": "5a6acb3e1d632b05464dc49f"
      },
      {
        "description": "该商家支持开发票，请在下单时填写好发票抬头",
        "icon_color": "999999",
        "icon_name": "票",
        "id": 4,
        "name": "开发票",
        "_id": "5a6acb3e1d632b05464dc49e"
      }
    ],
    "status": 0,
    "recent_order_num": 597,
    "rating_count": 593,
    "rating": 4.8,
    "promotion_info": "13213213",
    "piecewise_agent_fee": {
      "tips": "配送费约¥5"
    },
    "opening_hours": [
      "05:30/06:30"
    ],
    "license": {
      "catering_service_license_image": "1613129f6be3558.jpg",
      "business_license_image": "1613129ee4a3557.jpg"
    },
    "is_new": true,
    "is_premium": true,
    "image_path": "4dHCp5ZY/6.webp",
    "identification": {
      "registered_number": "",
      "registered_address": "",
      "operation_period": "",
      "licenses_scope": "",
      "licenses_number": "",
      "licenses_date": "",
      "legal_person": "",
      "identificate_date": null,
      "identificate_agency": "",
      "company_name": ""
    },
    "float_minimum_order_amount": 20,
    "float_delivery_fee": 5,
    "distance": "42.1公里",
    "order_lead_time": "1小时47分钟",
    "description": "13131",
    "delivery_mode": {
      "color": "57A9FF",
      "id": 1,
      "is_solid": true,
      "text": "蜂鸟专送"
    },
    "activities": [
      {
        "icon_name": "减",
        "name": "满减优惠",
        "description": "满30减5，满60减8",
        "icon_color": "f07373",
        "id": 1,
        "_id": "5a6acb3e1d632b05464dc4a1"
      }
    ],
    "__v": 0
  },
  {
    "name": "每日鲜果",
    "address": "上海市浦东新区听悦路彩虹雅苑-西区",
    "id": 502,
    "latitude": 31.22003,
    "longitude": 121.45476,
    "location": [
      121.45476,
      31.22003
    ],
    "phone": "618618",
    "category": "果蔬生鲜/水果",
    "supports": [
      {
        "description": "已加入“外卖保”计划，食品安全有保障",
        "icon_color": "999999",
        "icon_name": "保",
        "id": 7,
        "name": "外卖保",
        "_id": "5a6adb5a1d632b05464dc62a"
      },
      {
        "description": "准时必达，超时秒赔",
        "icon_color": "57A9FF",
        "icon_name": "准",
        "id": 9,
        "name": "准时达",
        "_id": "5a6adb5a1d632b05464dc629"
      },
      {
        "description": "该商家支持开发票，请在下单时填写好发票抬头",
        "icon_color": "999999",
        "icon_name": "票",
        "id": 4,
        "name": "开发票",
        "_id": "5a6adb5a1d632b05464dc628"
      }
    ],
    "status": 0,
    "recent_order_num": 957,
    "rating_count": 527,
    "rating": 4.7,
    "promotion_info": "618618",
    "piecewise_agent_fee": {
      "tips": "配送费约¥5"
    },
    "opening_hours": [
      "05:45/06:15"
    ],
    "license": {
      "catering_service_license_image": "1613168204c3572.jpg",
      "business_license_image": "161316806d63571.jpg"
    },
    "is_new": true,
    "is_premium": true,
    "image_path": "5t0W2JRq/8.webp",
    "identification": {
      "registered_number": "",
      "registered_address": "",
      "operation_period": "",
      "licenses_scope": "",
      "licenses_number": "",
      "licenses_date": "",
      "legal_person": "",
      "identificate_date": null,
      "identificate_agency": "",
      "company_name": ""
    },
    "float_minimum_order_amount": 20,
    "float_delivery_fee": 5,
    "distance": "1195.5公里",
    "order_lead_time": "21小时4分钟",
    "description": "618618",
    "delivery_mode": {
      "color": "57A9FF",
      "id": 1,
      "is_solid": true,
      "text": "蜂鸟专送"
    },
    "activities": [
      {
        "icon_name": "减",
        "name": "满减优惠",
        "description": "满30减5，满60减8",
        "icon_color": "f07373",
        "id": 1,
        "_id": "5a6adb5a1d632b05464dc62b"
      }
    ],
    "__v": 0
  },
  {
    "name": "星巴克(西安小寨赛格店)",
    "address": "西安市雁塔区长安中路123号赛格国际购物中心F1",
    "id": 506,
    "latitude": 30.73324,
    "longitude": 103.98682,
    "location": [
      103.98682,
      30.73324
    ],
    "phone": "434343434",
    "category": "咖啡",
    "supports": [
      {
        "description": "已加入“外卖保”计划，食品安全有保障",
        "icon_color": "999999",
        "icon_name": "保",
        "id": 7,
        "name": "外卖保",
        "_id": "5a6c3cee1d632b05464dcabb"
      },
      {
        "description": "准时必达，超时秒赔",
        "icon_color": "57A9FF",
        "icon_name": "准",
        "id": 9,
        "name": "准时达",
        "_id": "5a6c3cee1d632b05464dcaba"
      },
      {
        "description": "该商家支持开发票，请在下单时填写好发票抬头",
        "icon_color": "999999",
        "icon_name": "票",
        "id": 4,
        "name": "开发票",
        "_id": "5a6c3cee1d632b05464dcab9"
      }
    ],
    "status": 1,
    "recent_order_num": 105,
    "rating_count": 440,
    "rating": 4.4,
    "promotion_info": "3434",
    "piecewise_agent_fee": {
      "tips": "配送费约¥4"
    },
    "opening_hours": [
      "8:30/20:30"
    ],
    "license": {
      "catering_service_license_image": "16136ce209f3645.jpg",
      "business_license_image": "16136cdffad3644.jpg"
    },
    "is_new": true,
    "is_premium": true,
    "image_path": "Fz02BHYm/10.webp",
    "identification": {
      "registered_number": "",
      "registered_address": "",
      "operation_period": "",
      "licenses_scope": "",
      "licenses_number": "",
      "licenses_date": "",
      "legal_person": "",
      "identificate_date": null,
      "identificate_agency": "",
      "company_name": ""
    },
    "float_minimum_order_amount": 20,
    "float_delivery_fee": 4,
    "distance": "1790.1公里",
    "order_lead_time": "27小时2分钟",
    "description": "3434",
    "delivery_mode": {
      "color": "57A9FF",
      "id": 1,
      "is_solid": true,
      "text": "蜂鸟专送"
    },
    "activities": [
      {
        "icon_name": "减",
        "name": "满减优惠",
        "description": "满30减5，满60减8",
        "icon_color": "f07373",
        "id": 1,
        "_id": "5a6c3cee1d632b05464dcabc"
      }
    ],
    "__v": 0
  },
  {
    "name": "蜜雪冰城(大雁塔店)",
    "address": "陕西省西安市雁塔区雁塔北路124-1号",
    "id": 508,
    "latitude": 36.14213,
    "longitude": 120.60168,
    "location": [
      120.60168,
      36.14213
    ],
    "phone": "12580",
    "category": "异国料理",
    "supports": [
      {
        "description": "已加入“外卖保”计划，食品安全有保障",
        "icon_color": "999999",
        "icon_name": "保",
        "id": 7,
        "name": "外卖保",
        "_id": "5a6d41041d632b05464dcbf7"
      },
      {
        "description": "准时必达，超时秒赔",
        "icon_color": "57A9FF",
        "icon_name": "准",
        "id": 9,
        "name": "准时达",
        "_id": "5a6d41041d632b05464dcbf6"
      },
      {
        "description": "该商家支持开发票，请在下单时填写好发票抬头",
        "icon_color": "999999",
        "icon_name": "票",
        "id": 4,
        "name": "开发票",
        "_id": "5a6d41041d632b05464dcbf5"
      }
    ],
    "status": 1,
    "recent_order_num": 596,
    "rating_count": 370,
    "rating": 4.6,
    "promotion_info": "吃鸡",
    "piecewise_agent_fee": {
      "tips": "配送费约¥5"
    },
    "opening_hours": [
      "11:30/15:45"
    ],
    "license": {
      "catering_service_license_image": "1613ac5ecbb3662.jpg",
      "business_license_image": "1613ac5d99f3661.jpg"
    },
    "is_new": true,
    "is_premium": true,
    "image_path": "wxJ8v00P/11.webp",
    "identification": {
      "registered_number": "",
      "registered_address": "",
      "operation_period": "",
      "licenses_scope": "",
      "licenses_number": "",
      "licenses_date": "",
      "legal_person": "",
      "identificate_date": null,
      "identificate_agency": "",
      "company_name": ""
    },
    "float_minimum_order_amount": 20,
    "float_delivery_fee": 5,
    "distance": "662公里",
    "order_lead_time": "11小时23分钟",
    "description": "请拨打我们的电话",
    "delivery_mode": {
      "color": "57A9FF",
      "id": 1,
      "is_solid": true,
      "text": "蜂鸟专送"
    },
    "activities": [
      {
        "icon_name": "特",
        "name": "优惠大酬宾",
        "description": "傻逼的神臂斗士八度空间阿萨德",
        "icon_color": "EDC123",
        "id": 1,
        "_id": "5a6d41041d632b05464dcbf8"
      }
    ],
    "__v": 0
  },
  {
    "name": "迈德思客(育才路店)",
    "address": "陕西省安康市汉滨区育才路107号",
    "id": 510,
    "latitude": 23.05013,
    "longitude": 113.38986,
    "location": [
      113.38986,
      23.05013
    ],
    "phone": "q110",
    "category": "快餐便当/米粉面馆",
    "supports": [
      {
        "description": "已加入“外卖保”计划，食品安全有保障",
        "icon_color": "999999",
        "icon_name": "保",
        "id": 7,
        "name": "外卖保",
        "_id": "5a6dbe431d632b05464dccaa"
      },
      {
        "description": "准时必达，超时秒赔",
        "icon_color": "57A9FF",
        "icon_name": "准",
        "id": 9,
        "name": "准时达",
        "_id": "5a6dbe431d632b05464dcca9"
      },
      {
        "description": "该商家支持开发票，请在下单时填写好发票抬头",
        "icon_color": "999999",
        "icon_name": "票",
        "id": 4,
        "name": "开发票",
        "_id": "5a6dbe431d632b05464dcca8"
      }
    ],
    "status": 0,
    "recent_order_num": 965,
    "rating_count": 894,
    "rating": 4.6,
    "promotion_info": "黄焖鸡米饭",
    "piecewise_agent_fee": {
      "tips": "配送费约¥5"
    },
    "opening_hours": [
      "8:30/20:30"
    ],
    "license": {
      "catering_service_license_image": "1613caf47de3679.png",
      "business_license_image": "1613caf430f3678.png"
    },
    "is_new": true,
    "is_premium": true,
    "image_path": "fTN40mPb/12.webp",
    "identification": {
      "registered_number": "",
      "registered_address": "",
      "operation_period": "",
      "licenses_scope": "",
      "licenses_number": "",
      "licenses_date": "",
      "legal_person": "",
      "identificate_date": null,
      "identificate_agency": "",
      "company_name": ""
    },
    "float_minimum_order_amount": 20,
    "float_delivery_fee": 5,
    "distance": "2135.3公里",
    "order_lead_time": "32小时17分钟",
    "description": "黄焖鸡ww",
    "delivery_mode": {
      "color": "57A9FF",
      "id": 1,
      "is_solid": true,
      "text": "蜂鸟专送"
    },
    "activities": [
      {
        "icon_name": "减",
        "name": "满减优惠",
        "description": "满30减5，满60减8",
        "icon_color": "f07373",
        "id": 1,
        "_id": "5a6dbe431d632b05464dccab"
      }
    ],
    "__v": 0
  },
  {
    "name": "黄焖鸡米饭(重大店)",
    "address": "重庆市沙坪坝区大学城西路17号附241号",
    "id": 511,
    "latitude": 23.04073,
    "longitude": 113.37072,
    "location": [
      113.37072,
      23.04073
    ],
    "phone": "21107888797",
    "category": "快餐便当/简餐",
    "supports": [
      {
        "description": "已加入“外卖保”计划，食品安全有保障",
        "icon_color": "999999",
        "icon_name": "保",
        "id": 7,
        "name": "外卖保",
        "_id": "5a6dbe8b1d632b05464dccd3"
      },
      {
        "description": "准时必达，超时秒赔",
        "icon_color": "57A9FF",
        "icon_name": "准",
        "id": 9,
        "name": "准时达",
        "_id": "5a6dbe8b1d632b05464dccd2"
      },
      {
        "description": "该商家支持开发票，请在下单时填写好发票抬头",
        "icon_color": "999999",
        "icon_name": "票",
        "id": 4,
        "name": "开发票",
        "_id": "5a6dbe8b1d632b05464dccd1"
      }
    ],
    "status": 1,
    "recent_order_num": 269,
    "rating_count": 177,
    "rating": 4.8,
    "promotion_info": "好吃的黄焖鸡",
    "piecewise_agent_fee": {
      "tips": "配送费约¥5"
    },
    "opening_hours": [
      "8:30/20:30"
    ],
    "license": {
      "catering_service_license_image": "1613cb057073682.png",
      "business_license_image": "1613cb054b43681.png"
    },
    "is_new": true,
    "is_premium": true,
    "image_path": "J4cf3tw5/13.webp",
    "identification": {
      "registered_number": "",
      "registered_address": "",
      "operation_period": "",
      "licenses_scope": "",
      "licenses_number": "",
      "licenses_date": "",
      "legal_person": "",
      "identificate_date": null,
      "identificate_agency": "",
      "company_name": ""
    },
    "float_minimum_order_amount": 20,
    "float_delivery_fee": 5,
    "distance": "2136.6公里",
    "order_lead_time": "32小时21分钟",
    "description": "黄焖鸡",
    "delivery_mode": {
      "color": "57A9FF",
      "id": 1,
      "is_solid": true,
      "text": "蜂鸟专送"
    },
    "activities": [
      {
        "icon_name": "减",
        "name": "满减优惠",
        "description": "满30减5，满60减8",
        "icon_color": "f07373",
        "id": 1,
        "_id": "5a6dbe8b1d632b05464dccd4"
      }
    ],
    "__v": 0
  },
  {
    "name": "蔡林记热干面馆(博物馆店)",
    "address": "湖北省武汉市武昌区中华路街道户部巷综合楼1层6~8号",
    "id": 512,
    "latitude": 30.64141,
    "longitude": 114.04684,
    "location": [
      114.04684,
      30.64141
    ],
    "phone": "15527091536",
    "category": "快餐便当/盖浇饭",
    "supports": [
      {
        "description": "已加入“外卖保”计划，食品安全有保障",
        "icon_color": "999999",
        "icon_name": "保",
        "id": 7,
        "name": "外卖保",
        "_id": "5a6e87c01d632b05464dce5e"
      },
      {
        "description": "准时必达，超时秒赔",
        "icon_color": "57A9FF",
        "icon_name": "准",
        "id": 9,
        "name": "准时达",
        "_id": "5a6e87c01d632b05464dce5d"
      },
      {
        "description": "该商家支持开发票，请在下单时填写好发票抬头",
        "icon_color": "999999",
        "icon_name": "票",
        "id": 4,
        "name": "开发票",
        "_id": "5a6e87c01d632b05464dce5c"
      }
    ],
    "status": 1,
    "recent_order_num": 236,
    "rating_count": 370,
    "rating": 4.0,
    "promotion_info": "111",
    "piecewise_agent_fee": {
      "tips": "配送费约¥5"
    },
    "opening_hours": [
      "05:45/11:15"
    ],
    "license": {
      "catering_service_license_image": "",
      "business_license_image": ""
    },
    "is_new": true,
    "is_premium": true,
    "image_path": "nhF63Zpb/14.webp",
    "identification": {
      "registered_number": "",
      "registered_address": "",
      "operation_period": "",
      "licenses_scope": "",
      "licenses_number": "",
      "licenses_date": "",
      "legal_person": "",
      "identificate_date": null,
      "identificate_agency": "",
      "company_name": ""
    },
    "float_minimum_order_amount": 20,
    "float_delivery_fee": 5,
    "distance": "1162.6公里",
    "order_lead_time": "19小时1分钟",
    "description": "111",
    "delivery_mode": {
      "color": "57A9FF",
      "id": 1,
      "is_solid": true,
      "text": "蜂鸟专送"
    },
    "activities": [],
    "__v": 0
  },
  {
    "name": "赛百味(大兴店)",
    "address": "北京市大兴区金铺路甲2号a座2层206室",
    "id": 514,
    "latitude": 36.22215,
    "longitude": 120.5297,
    "location": [
      120.5297,
      36.22215
    ],
    "phone": "11111",
    "category": "快餐便当/简餐",
    "supports": [
      {
        "description": "已加入“外卖保”计划，食品安全有保障",
        "icon_color": "999999",
        "icon_name": "保",
        "id": 7,
        "name": "外卖保",
        "_id": "5a6e8ca81d632b05464dcea4"
      },
      {
        "description": "准时必达，超时秒赔",
        "icon_color": "57A9FF",
        "icon_name": "准",
        "id": 9,
        "name": "准时达",
        "_id": "5a6e8ca81d632b05464dcea3"
      },
      {
        "description": "该商家支持开发票，请在下单时填写好发票抬头",
        "icon_color": "999999",
        "icon_name": "票",
        "id": 4,
        "name": "开发票",
        "_id": "5a6e8ca81d632b05464dcea2"
      }
    ],
    "status": 0,
    "recent_order_num": 425,
    "rating_count": 891,
    "rating": 4.4,
    "promotion_info": "111",
    "piecewise_agent_fee": {
      "tips": "配送费约¥5"
    },
    "opening_hours": [
      "8:30/20:30"
    ],
    "license": {
      "catering_service_license_image": "1613fd562343700.jpg",
      "business_license_image": "1613fd56eba3699.png"
    },
    "is_new": true,
    "is_premium": true,
    "image_path": "cLFPjjLK/15.webp",
    "identification": {
      "registered_number": "",
      "registered_address": "",
      "operation_period": "",
      "licenses_scope": "",
      "licenses_number": "",
      "licenses_date": "",
      "legal_person": "",
      "identificate_date": null,
      "identificate_agency": "",
      "company_name": ""
    },
    "float_minimum_order_amount": 20,
    "float_delivery_fee": 5,
    "distance": "645.7公里",
    "order_lead_time": "11小时2分钟",
    "description": "111",
    "delivery_mode": {
      "color": "57A9FF",
      "id": 1,
      "is_solid": true,
      "text": "蜂鸟专送"
    },
    "activities": [
      {
        "icon_name": "减",
        "name": "满减优惠",
        "description": "满30减5，满60减8",
        "icon_color": "f07373",
        "id": 1,
        "_id": "5a6e8ca81d632b05464dcea6"
      },
      {
        "icon_name": "新",
        "name": "新用户立减",
        "description": "111",
        "icon_color": "70bc46",
        "id": 2,
        "_id": "5a6e8ca81d632b05464dcea5"
      }
    ],
    "__v": 0
  },
  {
    "name": "萨莉亚意式餐厅(香港名都店)",
    "address": "上海市黄浦区河南南路489号M2香港名都F1",
    "id": 516,
    "latitude": 30.71401,
    "longitude": 114.24966,
    "location": [
      114.24966,
      30.71401
    ],
    "phone": "11111",
    "category": "异国料理/披萨意面",
    "supports": [
      {
        "description": "已加入“外卖保”计划，食品安全有保障",
        "icon_color": "999999",
        "icon_name": "保",
        "id": 7,
        "name": "外卖保",
        "_id": "5a6e8f561d632b05464dcedd"
      },
      {
        "description": "准时必达，超时秒赔",
        "icon_color": "57A9FF",
        "icon_name": "准",
        "id": 9,
        "name": "准时达",
        "_id": "5a6e8f561d632b05464dcedc"
      },
      {
        "description": "该商家支持开发票，请在下单时填写好发票抬头",
        "icon_color": "999999",
        "icon_name": "票",
        "id": 4,
        "name": "开发票",
        "_id": "5a6e8f561d632b05464dcedb"
      }
    ],
    "status": 0,
    "recent_order_num": 742,
    "rating_count": 458,
    "rating": 4.1,
    "promotion_info": "欢迎光临，用餐高峰请提前下单，谢谢",
    "piecewise_agent_fee": {
      "tips": "配送费约¥12"
    },
    "opening_hours": [
      "06:30/06:45"
    ],
    "license": {
      "catering_service_license_image": "",
      "business_license_image": ""
    },
    "is_new": true,
    "is_premium": true,
    "image_path": "N0LZw4Kd/16.webp",
    "identification": {
      "registered_number": "",
      "registered_address": "",
      "operation_period": "",
      "licenses_scope": "",
      "licenses_number": "",
      "licenses_date": "",
      "legal_person": "",
      "identificate_date": null,
      "identificate_agency": "",
      "company_name": ""
    },
    "float_minimum_order_amount": 20,
    "float_delivery_fee": 12,
    "distance": "1143公里",
    "order_lead_time": "18小时55分钟",
    "description": "111",
    "delivery_mode": {
      "color": "57A9FF",
      "id": 1,
      "is_solid": true,
      "text": "蜂鸟专送"
    },
    "activities": [
      {
        "icon_name": "减",
        "name": "满减优惠",
        "description": "满30减5，满60减8",
        "icon_color": "f07373",
        "id": 1,
        "_id": "5a6e8f561d632b05464dcede"
      }
    ],
    "__v": 0
  },
  {
    "name": "瑞幸咖啡(上海湾店)",
    "address": "上海市浦东新区浦东南路1138号上海湾F1",
    "id": 518,
    "latitude": 31.22299,
    "longitude": 121.45999,
    "location": [
      121.45999,
      31.22299
    ],
    "phone": "666",
    "category": "咖啡",
    "supports": [
      {
        "description": "已加入“外卖保”计划，食品安全有保障",
        "icon_color": "999999",
        "icon_name": "保",
        "id": 7,
        "name": "外卖保",
        "_id": "5a6e99741d632b05464dcf38"
      },
      {
        "description": "准时必达，超时秒赔",
        "icon_color": "57A9FF",
        "icon_name": "准",
        "id": 9,
        "name": "准时达",
        "_id": "5a6e99741d632b05464dcf37"
      },
      {
        "description": "该商家支持开发票，请在下单时填写好发票抬头",
        "icon_color": "999999",
        "icon_name": "票",
        "id": 4,
        "name": "开发票",
        "_id": "5a6e99741d632b05464dcf36"
      }
    ],
    "status": 1,
    "recent_order_num": 867,
    "rating_count": 916,
    "rating": 4.7,
    "promotion_info": "sdafsdf",
    "piecewise_agent_fee": {
      "tips": "配送费约¥5"
    },
    "opening_hours": [
      "06:30/22:45"
    ],
    "license": {
      "catering_service_license_image": "161400760ee3715.jpg",
      "business_license_image": "16140074a273714.jpg"
    },
    "is_new": true,
    "is_premium": true,
    "image_path": "vTwKfw3K/17.webp",
    "identification": {
      "registered_number": "",
      "registered_address": "",
      "operation_period": "",
      "licenses_scope": "",
      "licenses_number": "",
      "licenses_date": "",
      "legal_person": "",
      "identificate_date": null,
      "identificate_agency": "",
      "company_name": ""
    },
    "float_minimum_order_amount": 20,
    "float_delivery_fee": 5,
    "distance": "1194.9公里",
    "order_lead_time": "21小时1分钟",
    "description": "asdfsda",
    "delivery_mode": {
      "color": "57A9FF",
      "id": 1,
      "is_solid": true,
      "text": "蜂鸟专送"
    },
    "activities": [
      {
        "icon_name": "减",
        "name": "满减优惠",
        "description": "满30减5，满60减8",
        "icon_color": "f07373",
        "id": 1,
        "_id": "5a6e99741d632b05464dcf39"
      }
    ],
    "__v": 0
  },
  {
    "name": "苏州包子铺",
    "address": "江苏省苏州市吴中区吴东路中文基广场(姜家桥公交站南)",
    "id": 485,
    "latitude": 31.26578,
    "longitude": 120.65355,
    "location": [
      120.65355,
      31.26578
    ],
    "phone": "12345678901",
    "category": "商店超市/名酒坊",
    "supports": [
      {
        "description": "已加入“外卖保”计划，食品安全有保障",
        "icon_color": "999999",
        "icon_name": "保",
        "id": 7,
        "name": "外卖保",
        "_id": "5a6830b41d632b05464db9d1"
      },
      {
        "description": "准时必达，超时秒赔",
        "icon_color": "57A9FF",
        "icon_name": "准",
        "id": 9,
        "name": "准时达",
        "_id": "5a6830b41d632b05464db9d0"
      },
      {
        "description": "该商家支持开发票，请在下单时填写好发票抬头",
        "icon_color": "999999",
        "icon_name": "票",
        "id": 4,
        "name": "开发票",
        "_id": "5a6830b41d632b05464db9cf"
      }
    ],
    "status": 1,
    "recent_order_num": 58,
    "rating_count": 576,
    "rating": 4.6,
    "promotion_info": "欢迎光临，用餐高峰请提前下单，谢谢",
    "piecewise_agent_fee": {
      "tips": "配送费约¥5"
    },
    "opening_hours": [
      "8:30/20:30"
    ],
    "license": {
      "catering_service_license_image": "16126fe59b83261.jpg",
      "business_license_image": "16126fe55013260.jpg"
    },
    "is_new": true,
    "is_premium": true,
    "image_path": "T1j4cNs3/18.webp",
    "identification": {
      "registered_number": "",
      "registered_address": "",
      "operation_period": "",
      "licenses_scope": "",
      "licenses_number": "",
      "licenses_date": "",
      "legal_person": "",
      "identificate_date": null,
      "identificate_agency": "",
      "company_name": ""
    },
    "float_minimum_order_amount": 20,
    "float_delivery_fee": 5,
    "distance": "1167.4公里",
    "order_lead_time": "19小时1分钟",
    "description": "",
    "delivery_mode": {
      "color": "57A9FF",
      "id": 1,
      "is_solid": true,
      "text": "蜂鸟专送"
    },
    "activities": [
      {
        "icon_name": "减",
        "name": "满减优惠",
        "description": "满30减5，满60减8",
        "icon_color": "f07373",
        "id": 1,
        "_id": "5a6830b41d632b05464db9d2"
      }
    ],
    "__v": 0
  },
  {
    "name": "广州酒家(体育东店)",
    "address": "广东省广州市天河区体育东路112号百福广场3-4层",
    "id": 487,
    "latitude": 23.11488,
    "longitude": 113.24826,
    "location": [
      113.24826,
      23.11488
    ],
    "phone": "750",
    "category": "果蔬生鲜/海鲜水产",
    "supports": [
      {
        "description": "已加入“外卖保”计划，食品安全有保障",
        "icon_color": "999999",
        "icon_name": "保",
        "id": 7,
        "name": "外卖保",
        "_id": "5a687a781d632b05464dbb35"
      },
      {
        "description": "准时必达，超时秒赔",
        "icon_color": "57A9FF",
        "icon_name": "准",
        "id": 9,
        "name": "准时达",
        "_id": "5a687a781d632b05464dbb34"
      },
      {
        "description": "该商家支持开发票，请在下单时填写好发票抬头",
        "icon_color": "999999",
        "icon_name": "票",
        "id": 4,
        "name": "开发票",
        "_id": "5a687a781d632b05464dbb33"
      }
    ],
    "status": 0,
    "recent_order_num": 923,
    "rating_count": 871,
    "rating": 4.2,
    "promotion_info": "广州第一家",
    "piecewise_agent_fee": {
      "tips": "配送费约¥5"
    },
    "opening_hours": [
      "8:30/20:30"
    ],
    "license": {
      "catering_service_license_image": "161281e6ef33314.png",
      "business_license_image": "161281e4a723313.jpg"
    },
    "is_new": true,
    "is_premium": true,
    "image_path": "ZY62Z0qz/19.webp",
    "identification": {
      "registered_number": "",
      "registered_address": "",
      "operation_period": "",
      "licenses_scope": "",
      "licenses_number": "",
      "licenses_date": "",
      "legal_person": "",
      "identificate_date": null,
      "identificate_agency": "",
      "company_name": ""
    },
    "float_minimum_order_amount": 20,
    "float_delivery_fee": 5,
    "distance": "2123公里",
    "order_lead_time": "31小时26分钟",
    "description": "喝早茶好去处",
    "delivery_mode": {
      "color": "57A9FF",
      "id": 1,
      "is_solid": true,
      "text": "蜂鸟专送"
    },
    "activities": [
      {
        "icon_name": "减",
        "name": "满减优惠",
        "description": "满30减5，满60减8",
        "icon_color": "f07373",
        "id": 1,
        "_id": "5a687a781d632b05464dbb36"
      }
    ],
    "__v": 0
  },
  {
    "name": "沙县小吃(贝岗店)",
    "address": "广州市番禺区小谷围街贝岗村青云坊8号101~102号",
    "id": 486,
    "latitude": 23.1127,
    "longitude": 113.41724,
    "location": [
      113.41724,
      23.1127
    ],
    "phone": "13544323775",
    "category": "快餐便当",
    "supports": [
      {
        "description": "已加入“外卖保”计划，食品安全有保障",
        "icon_color": "999999",
        "icon_name": "保",
        "id": 7,
        "name": "外卖保",
        "_id": "5a6863641d632b05464dbaea"
      },
      {
        "description": "准时必达，超时秒赔",
        "icon_color": "57A9FF",
        "icon_name": "准",
        "id": 9,
        "name": "准时达",
        "_id": "5a6863641d632b05464dbae9"
      },
      {
        "description": "该商家支持开发票，请在下单时填写好发票抬头",
        "icon_color": "999999",
        "icon_name": "票",
        "id": 4,
        "name": "开发票",
        "_id": "5a6863641d632b05464dbae8"
      }
    ],
    "status": 1,
    "recent_order_num": 542,
    "rating_count": 372,
    "rating": 4.2,
    "promotion_info": "大树旗舰店标语",
    "piecewise_agent_fee": {
      "tips": "配送费约¥5"
    },
    "opening_hours": [
      "09:00/21:30"
    ],
    "license": {
      "catering_service_license_image": "16127c429983306.jpg",
      "business_license_image": "16127c423ae3305.jpg"
    },
    "is_new": true,
    "is_premium": true,
    "image_path": "8PD3CDFJ/20.webp",
    "identification": {
      "registered_number": "",
      "registered_address": "",
      "operation_period": "",
      "licenses_scope": "",
      "licenses_number": "",
      "licenses_date": "",
      "legal_person": "",
      "identificate_date": null,
      "identificate_agency": "",
      "company_name": ""
    },
    "float_minimum_order_amount": 20,
    "float_delivery_fee": 5,
    "distance": "2128.8公里",
    "order_lead_time": "32小时14分钟",
    "description": "大树旗舰店大树旗舰店大树旗舰店简介",
    "delivery_mode": {
      "color": "57A9FF",
      "id": 1,
      "is_solid": true,
      "text": "蜂鸟专送"
    },
    "activities": [
      {
        "icon_name": "减",
        "name": "满减优惠",
        "description": "满30减5，满60减8",
        "icon_color": "f07373",
        "id": 1,
        "_id": "5a6863641d632b05464dbaeb"
      }
    ],
    "__v": 0
  },
  {
    "name": "华莱士(新河店)",
    "address": "上海市崇明区新开河路555号",
    "id": 491,
    "latitude": 39.17791,
    "longitude": 122.05169,
    "location": [
      122.05169,
      39.17791
    ],
    "phone": "12345678",
    "category": "快餐便当/包子粥店",
    "supports": [
      {
        "description": "已加入“外卖保”计划，食品安全有保障",
        "icon_color": "999999",
        "icon_name": "保",
        "id": 7,
        "name": "外卖保",
        "_id": "5a696b071d632b05464dbd31"
      },
      {
        "description": "准时必达，超时秒赔",
        "icon_color": "57A9FF",
        "icon_name": "准",
        "id": 9,
        "name": "准时达",
        "_id": "5a696b071d632b05464dbd30"
      },
      {
        "description": "该商家支持开发票，请在下单时填写好发票抬头",
        "icon_color": "999999",
        "icon_name": "票",
        "id": 4,
        "name": "开发票",
        "_id": "5a696b071d632b05464dbd2f"
      }
    ],
    "status": 1,
    "recent_order_num": 49,
    "rating_count": 447,
    "rating": 4.7,
    "promotion_info": "欢迎光临，用餐高峰请提前下单，谢谢",
    "piecewise_agent_fee": {
      "tips": "配送费约¥5"
    },
    "opening_hours": [
      "8:30/20:30"
    ],
    "license": {
      "catering_service_license_image": "",
      "business_license_image": ""
    },
    "is_new": true,
    "is_premium": true,
    "image_path": "t49H8Wdc/4.webp",
    "identification": {
      "registered_number": "",
      "registered_address": "",
      "operation_period": "",
      "licenses_scope": "",
      "licenses_number": "",
      "licenses_date": "",
      "legal_person": "",
      "identificate_date": null,
      "identificate_agency": "",
      "company_name": ""
    },
    "float_minimum_order_amount": 20,
    "float_delivery_fee": 5,
    "distance": "797.7公里",
    "order_lead_time": "15小时48分钟",
    "description": "",
    "delivery_mode": {
      "color": "57A9FF",
      "id": 1,
      "is_solid": true,
      "text": "蜂鸟专送"
    },
    "activities": [
      {
        "icon_name": "减",
        "name": "满减优惠",
        "description": "满30减5，满60减8",
        "icon_color": "f07373",
        "id": 1,
        "_id": "5a696b071d632b05464dbd32"
      }
    ],
    "__v": 0
  }
]